{
  "hash": "82386d90",
  "configHash": "161086dc",
  "lockfileHash": "54421390",
  "browserHash": "b43b6923",
  "optimized": {
    "@angular/common": {
      "src": "../../../../../node_modules/@angular/common/fesm2022/common.mjs",
      "file": "@angular_common.js",
      "fileHash": "f68580ff",
      "needsInterop": false
    },
    "@angular/common/http": {
      "src": "../../../../../node_modules/@angular/common/fesm2022/http.mjs",
      "file": "@angular_common_http.js",
      "fileHash": "505ecfb6",
      "needsInterop": false
    },
    "@angular/core": {
      "src": "../../../../../node_modules/@angular/core/fesm2022/core.mjs",
      "file": "@angular_core.js",
      "fileHash": "500ae31e",
      "needsInterop": false
    },
    "@angular/forms": {
      "src": "../../../../../node_modules/@angular/forms/fesm2022/forms.mjs",
      "file": "@angular_forms.js",
      "fileHash": "7579cbd2",
      "needsInterop": false
    },
    "@angular/material/button": {
      "src": "../../../../../node_modules/@angular/material/fesm2022/button.mjs",
      "file": "@angular_material_button.js",
      "fileHash": "72fa5634",
      "needsInterop": false
    },
    "@angular/material/dialog": {
      "src": "../../../../../node_modules/@angular/material/fesm2022/dialog.mjs",
      "file": "@angular_material_dialog.js",
      "fileHash": "4f35ac5d",
      "needsInterop": false
    },
    "@angular/material/form-field": {
      "src": "../../../../../node_modules/@angular/material/fesm2022/form-field.mjs",
      "file": "@angular_material_form-field.js",
      "fileHash": "a5fca443",
      "needsInterop": false
    },
    "@angular/material/input": {
      "src": "../../../../../node_modules/@angular/material/fesm2022/input.mjs",
      "file": "@angular_material_input.js",
      "fileHash": "6472f85d",
      "needsInterop": false
    },
    "@angular/platform-browser": {
      "src": "../../../../../node_modules/@angular/platform-browser/fesm2022/platform-browser.mjs",
      "file": "@angular_platform-browser.js",
      "fileHash": "4e05f7fb",
      "needsInterop": false
    },
    "@angular/platform-browser/animations": {
      "src": "../../../../../node_modules/@angular/platform-browser/fesm2022/animations.mjs",
      "file": "@angular_platform-browser_animations.js",
      "fileHash": "c05b04dd",
      "needsInterop": false
    },
    "@angular/router": {
      "src": "../../../../../node_modules/@angular/router/fesm2022/router.mjs",
      "file": "@angular_router.js",
      "fileHash": "80d97938",
      "needsInterop": false
    }
  },
  "chunks": {
    "chunk-HPGEDYAZ": {
      "file": "chunk-HPGEDYAZ.js"
    },
    "chunk-4NIDMVMF": {
      "file": "chunk-4NIDMVMF.js"
    },
    "chunk-KT27SEH4": {
      "file": "chunk-KT27SEH4.js"
    },
    "chunk-EWE4PTMN": {
      "file": "chunk-EWE4PTMN.js"
    },
    "chunk-BX5372YP": {
      "file": "chunk-BX5372YP.js"
    },
    "chunk-OZBBHXAK": {
      "file": "chunk-OZBBHXAK.js"
    },
    "chunk-4TV63ZRM": {
      "file": "chunk-4TV63ZRM.js"
    },
    "chunk-3GTIAXKT": {
      "file": "chunk-3GTIAXKT.js"
    }
  }
}